# Directly authored experiment controls; OptiClip dialogue retains accepted English fallback.
Show OptiClip advisor	Mostrar el asistente OptiClip	Afficher l'assistant OptiClip	OptiClip-Assistent anzeigen	Mostrar o assistente OptiClip
Gameplay input while menu is open	Controles del juego con el menú abierto	Commandes du jeu lorsque le menu est ouvert	Spieleingaben bei geöffnetem Menü	Controles do jogo com o menu aberto
Allow mouse input in game	Permitir el ratón en el juego	Autoriser la souris dans le jeu	Mauseingaben im Spiel erlauben	Permitir mouse no jogo
Allow keyboard input in game	Permitir el teclado en el juego	Autoriser le clavier dans le jeu	Tastatureingaben im Spiel erlauben	Permitir teclado no jogo
Allow controller input in game	Permitir el mando en el juego	Autoriser la manette dans le jeu	Controllereingaben im Spiel erlauben	Permitir controle no jogo
Allowed devices continue controlling the game. Mouse clicks can affect both the menu and the game. Keyboard and controller gameplay disable their menu navigation. Save Settings remembers these choices.	Los dispositivos permitidos siguen controlando el juego. Los clics pueden afectar al menú y al juego. Permitir teclado o mando desactiva su navegación por el menú. Guardar ajustes conserva estas opciones.	Les périphériques autorisés continuent à contrôler le jeu. Les clics peuvent agir sur le menu et le jeu. Autoriser le clavier ou la manette désactive leur navigation dans le menu. Enregistrer les réglages conserve ces choix.	Erlaubte Geräte steuern weiterhin das Spiel. Mausklicks können Menü und Spiel beeinflussen. Erlaubte Tastatur- und Controllereingaben deaktivieren deren Menünavigation. Einstellungen speichern behält diese Auswahl bei.	Os dispositivos permitidos continuam controlando o jogo. Cliques podem afetar o menu e o jogo. Permitir teclado ou controle desativa sua navegação no menu. Salvar configurações mantém essas escolhas.
Controller blocking covers XInput and standard DirectInput states. Custom DirectInput formats, GameInput, Windows.Gaming.Input and raw HID controllers may bypass it.	El bloqueo cubre XInput y estados estándar de DirectInput. Los formatos personalizados de DirectInput, GameInput, Windows.Gaming.Input y mandos HID sin procesar pueden eludirlo.	Le blocage couvre XInput et les états DirectInput standard. Les formats DirectInput personnalisés, GameInput, Windows.Gaming.Input et les manettes HID brutes peuvent le contourner.	Die Sperre erfasst XInput und Standard-DirectInput-Zustände. Eigene DirectInput-Formate, GameInput, Windows.Gaming.Input und rohe HID-Controller können sie umgehen.	O bloqueio cobre XInput e estados padrão do DirectInput. Formatos personalizados do DirectInput, GameInput, Windows.Gaming.Input e controles HID brutos podem ignorá-lo.
Analyze Current Route	Analizar la ruta actual	Analyser le chemin actuel	Aktuellen Pfad analysieren	Analisar rota atual
Test This Route	Probar esta ruta	Tester ce chemin	Diesen Pfad testen	Testar esta rota
NR resolution preference	Preferencia de resolución NR	Préférence de résolution NR	Bevorzugte NR-Auflösung	Preferência de resolução NR
Always Full Output	Siempre la salida completa	Toujours la sortie complète	Immer volle Ausgabeauflösung	Sempre saída completa
Match Game Render - Recommended	Igualar el renderizado del juego - Recomendado	Suivre le rendu du jeu - Recommandé	Spiel-Renderauflösung übernehmen - Empfohlen	Igualar renderização do jogo - Recomendado
Manual - Advanced / Low-end	Manual - Avanzado / Gama baja	Manuel - Avancé / Matériel modeste	Manuell - Erweitert / Schwache Hardware	Manual - Avançado / Hardware modesto
Native %.0f FPS | Frame %.2f ms	Nativos %.0f FPS | Fotograma %.2f ms	Natif %.0f FPS | Image %.2f ms	Nativ %.0f FPS | Frame %.2f ms	Nativos %.0f FPS | Quadro %.2f ms
FG provider	Proveedor FG	Fournisseur FG	FG-Anbieter	Provedor FG
FG mode	Modo FG	Mode FG	FG-Modus	Modo FG
Presentation rate	Frecuencia de presentación	Fréquence de présentation	Präsentationsrate	Taxa de apresentação
Native cadence	Cadencia nativa	Cadence native	Native Bildrate	Cadência nativa
Not independently measured	Sin medición independiente	Pas de mesure indépendante	Nicht unabhängig gemessen	Sem medição independente
Configured; actual generated output unverified	Configurado; salida generada sin verificar	Configuré ; sortie générée non vérifiée	Konfiguriert; generierte Ausgabe ungeprüft	Configurado; saída gerada não verificada
No active provider reported	No se indica un proveedor activo	Aucun fournisseur actif signalé	Kein aktiver Anbieter gemeldet	Nenhum provedor ativo informado
Verified source; fresh frames required	Fuente verificada; se requieren fotogramas recientes	Source vérifiée ; images récentes requises	Geprüfte Quelle; neue Frames erforderlich	Fonte verificada; quadros recentes necessários
Unknown - cannot meet a native FPS target	Desconocida - no puede cumplir un objetivo de FPS nativos	Inconnue - ne peut pas satisfaire une cible de FPS natifs	Unbekannt - kann kein natives FPS-Ziel erfüllen	Desconhecida - não pode cumprir uma meta de FPS nativos
Full output resolution requires an After route. Before placement is preserved.	La resolución de salida completa requiere una ruta Después. Se conserva la ubicación Antes.	La résolution de sortie complète exige un chemin Après. Le placement Avant est conservé.	Volle Ausgabeauflösung erfordert einen Nachher-Pfad. Die Vorher-Platzierung bleibt erhalten.	A resolução de saída completa exige uma rota Depois. A posição Antes é mantida.
Match Game Render is unavailable for Native Temporal After. Select Before or a Present route explicitly.	Igualar el renderizado no está disponible en Native Temporal Después. Selecciona Antes o una ruta Present explícitamente.	Suivre le rendu du jeu est indisponible pour Native Temporal Après. Choisissez explicitement Avant ou un chemin Present.	Spiel-Renderauflösung ist für Native Temporal Nachher nicht verfügbar. Wählen Sie ausdrücklich Vorher oder einen Present-Pfad.	Igualar renderização não está disponível no Native Temporal Depois. Selecione Antes ou uma rota Present explicitamente.
Full Output uses final game output dimensions. Match Game Render follows the game's render input where supported. Manual scales the selected stage; very low values reduce detail and the NR effect.	Salida completa usa las dimensiones finales del juego. Igualar sigue su entrada de renderizado donde sea compatible. Manual escala la etapa seleccionada; valores muy bajos reducen el detalle y el efecto NR.	Sortie complète utilise les dimensions finales du jeu. Suivre le rendu utilise son entrée de rendu si elle est prise en charge. Manuel redimensionne l'étape sélectionnée ; des valeurs très basses réduisent les détails et l'effet NR.	Volle Ausgabe nutzt die endgültigen Spiel-Ausgabemaße. Spiel-Renderauflösung folgt der Render-Eingabe, sofern unterstützt. Manuell skaliert die gewählte Stufe; sehr niedrige Werte verringern Details und den NR-Effekt.	Saída completa usa as dimensões finais do jogo. Igualar segue a entrada de renderização quando compatível. Manual escala a etapa selecionada; valores muito baixos reduzem detalhes e o efeito NR.
Analyze temporarily turns Neural Rendering on to test one route.	El análisis activa Neural Rendering temporalmente para probar una ruta.	L'analyse active temporairement Neural Rendering pour tester un chemin.	Die Analyse aktiviert Neural Rendering vorübergehend, um einen Pfad zu testen.	A análise ativa Neural Rendering temporariamente para testar uma rota.
Tests one resolution preference. Route changes may briefly interrupt rendering; stalled or incomplete tests are discarded. Comparisons are unavailable during analysis.	Prueba una preferencia de resolución. Cambiar de ruta puede interrumpir el renderizado brevemente; las pruebas bloqueadas o incompletas se descartan. Las comparaciones no están disponibles durante el análisis.	Teste une préférence de résolution. Un changement de chemin peut interrompre brièvement le rendu ; les tests bloqués ou incomplets sont écartés. Les comparaisons sont indisponibles pendant l'analyse.	Testet eine Auflösungspräferenz. Pfadwechsel können das Rendering kurz unterbrechen; stockende oder unvollständige Tests werden verworfen. Vergleiche sind während der Analyse nicht verfügbar.	Testa uma preferência de resolução. Mudar de rota pode interromper a renderização brevemente; testes travados ou incompletos são descartados. Comparações ficam indisponíveis durante a análise.
Interrupted - not measured	Interrumpido - sin medir	Interrompu - non mesuré	Unterbrochen - nicht gemessen	Interrompido - não medido
Waiting for matching completed evaluations...	Esperando evaluaciones completadas coincidentes...	En attente d'évaluations terminées correspondantes...	Warten auf passende abgeschlossene Auswertungen...	Aguardando avaliações concluídas correspondentes...
Measuring fresh native frames...	Midiendo fotogramas nativos recientes...	Mesure des nouvelles images natives...	Neue native Frames werden gemessen...	Medindo quadros nativos recentes...
Testing one route...	Probando una ruta...	Test d'un chemin...	Ein Pfad wird getestet...	Testando uma rota...
Model effect hidden; selected resolution only. Original settings will be restored.	Efecto oculto; solo la resolución seleccionada. Se restaurarán los ajustes originales.	Effet masqué ; résolution sélectionnée uniquement. Les réglages d'origine seront restaurés.	Modelleffekt ausgeblendet; nur gewählte Auflösung. Ursprüngliche Einstellungen werden wiederhergestellt.	Efeito oculto; apenas a resolução selecionada. As configurações originais serão restauradas.
Best of tested routes: %s	Mejor de las rutas probadas: %s	Meilleur des chemins testés : %s	Bester getesteter Pfad: %s	Melhor das rotas testadas: %s
Applied the tested route and resolution preference.	Ruta y preferencia de resolución probadas aplicadas.	Chemin et préférence de résolution testés appliqués.	Getesteter Pfad und Auflösungspräferenz angewendet.	Rota e preferência de resolução testadas aplicadas.
Test interrupted by a rendering stall; unmeasured. Original settings restored.	Prueba interrumpida por un bloqueo del renderizado; sin medir. Ajustes originales restaurados.	Test interrompu par un blocage du rendu ; non mesuré. Réglages d'origine restaurés.	Test durch stockendes Rendering unterbrochen; nicht gemessen. Ursprüngliche Einstellungen wiederhergestellt.	Teste interrompido por travamento da renderização; não medido. Configurações originais restauradas.
FG provider changed; test unmeasured and original settings restored.	Cambió el proveedor FG; prueba sin medir y ajustes originales restaurados.	Le fournisseur FG a changé ; test non mesuré et réglages d'origine restaurés.	FG-Anbieter geändert; Test nicht gemessen und ursprüngliche Einstellungen wiederhergestellt.	O provedor FG mudou; teste não medido e configurações originais restauradas.
Rendering resources changed; test unmeasured and original settings restored.	Cambiaron los recursos de renderizado; prueba sin medir y ajustes originales restaurados.	Les ressources de rendu ont changé ; test non mesuré et réglages d'origine restaurés.	Rendering-Ressourcen geändert; Test nicht gemessen und ursprüngliche Einstellungen wiederhergestellt.	Os recursos de renderização mudaram; teste não medido e configurações originais restauradas.
No matching output and verified native cadence within five seconds; unmeasured.	No hubo salida coincidente y cadencia nativa verificada en cinco segundos; sin medir.	Aucune sortie correspondante avec cadence native vérifiée en cinq secondes ; non mesuré.	Keine passende Ausgabe mit geprüfter nativer Bildrate innerhalb von fünf Sekunden; nicht gemessen.	Sem saída correspondente e cadência nativa verificada em cinco segundos; não medido.
Stable warmup did not complete; unmeasured. Original settings restored.	No se completó el calentamiento estable; sin medir. Ajustes originales restaurados.	La stabilisation n'a pas abouti ; non mesuré. Réglages d'origine restaurés.	Stabile Aufwärmphase nicht abgeschlossen; nicht gemessen. Ursprüngliche Einstellungen wiederhergestellt.	O aquecimento estável não terminou; não medido. Configurações originais restauradas.
Insufficient fresh native frames before the sample deadline; unmeasured. Original settings restored.	Faltaron fotogramas nativos recientes antes del plazo; sin medir. Ajustes originales restaurados.	Trop peu d'images natives récentes avant l'échéance ; non mesuré. Réglages d'origine restaurés.	Zu wenige neue native Frames vor Ablauf der Messfrist; nicht gemessen. Ursprüngliche Einstellungen wiederhergestellt.	Quadros nativos recentes insuficientes antes do prazo; não medido. Configurações originais restauradas.
Comparisons are unavailable during temporary Advisor settings. Finish or cancel analysis first.	Las comparaciones no están disponibles con ajustes temporales del asesor. Termina o cancela el análisis primero.	Les comparaisons sont indisponibles pendant les réglages temporaires du conseiller. Terminez ou annulez d'abord l'analyse.	Während vorübergehender Advisor-Einstellungen sind Vergleiche nicht verfügbar. Zuerst Analyse beenden oder abbrechen.	Comparações ficam indisponíveis durante ajustes temporários do assistente. Conclua ou cancele a análise primeiro.
Turn off Multipass before testing a route; Multipass owns resolution.	Desactiva Multipass antes de probar una ruta; Multipass controla la resolución.	Désactivez Multipass avant de tester un chemin ; Multipass contrôle la résolution.	Vor dem Pfadtest Multipass ausschalten; Multipass steuert die Auflösung.	Desative Multipass antes de testar uma rota; Multipass controla a resolução.
Present routes do not support Vulkan.	Las rutas Present no admiten Vulkan.	Les chemins Present ne prennent pas en charge Vulkan.	Present-Pfade unterstützen Vulkan nicht.	Rotas Present não oferecem suporte a Vulkan.
Resolution preference changed - analyze again.	Preferencia de resolución modificada - analiza de nuevo.	Préférence de résolution modifiée - relancez l'analyse.	Auflösungspräferenz geändert - erneut analysieren.	Preferência de resolução alterada - analise novamente.
The measured native cadence met the target at the selected resolution preference. Untested routes are unmeasured.	La cadencia nativa medida cumplió el objetivo con la resolución elegida. Las rutas no probadas no tienen medición.	La cadence native mesurée atteint la cible à la résolution choisie. Les chemins non testés restent non mesurés.	Die gemessene native Bildrate erreicht das Ziel bei gewählter Auflösung. Ungetestete Pfade bleiben ungemessen.	A cadência nativa medida atingiu a meta na resolução escolhida. Rotas não testadas ficam sem medição.
The selected route is below the native target. Compare the measured alternatives; untested routes are unmeasured.	La ruta elegida está por debajo del objetivo nativo. Compara las alternativas medidas; las rutas no probadas no tienen medición.	Le chemin choisi est sous la cible native. Comparez les alternatives mesurées ; les chemins non testés restent non mesurés.	Der gewählte Pfad liegt unter dem nativen Ziel. Vergleichen Sie gemessene Alternativen; ungetestete Pfade bleiben ungemessen.	A rota escolhida está abaixo da meta nativa. Compare as alternativas medidas; rotas não testadas ficam sem medição.
Completed Native evaluations at the selected resolution	Evaluaciones nativas completadas a la resolución elegida	Évaluations natives terminées à la résolution choisie	Native Auswertungen bei gewählter Auflösung abgeschlossen	Avaliações nativas concluídas na resolução escolhida
Use this route	Usar esta ruta	Utiliser ce chemin	Diesen Pfad verwenden	Usar esta rota
Native Temporal is currently forced After reconstruction. Select After explicitly to edit or test its resolution.	Native Temporal funciona obligatoriamente Después de la reconstrucción. Selecciona Después explícitamente para editar o probar su resolución.	Native Temporal est actuellement imposé Après la reconstruction. Choisissez explicitement Après pour modifier ou tester sa résolution.	Native Temporal läuft derzeit zwingend Nach der Rekonstruktion. Wählen Sie ausdrücklich Nachher, um seine Auflösung zu bearbeiten oder zu testen.	Native Temporal está atualmente fixado Depois da reconstrução. Selecione Depois explicitamente para editar ou testar sua resolução.
Settings or rendering context changed; previous tests are no longer current.	Cambiaron los ajustes o el contexto de renderizado; las pruebas anteriores ya no están vigentes.	Les réglages ou le contexte de rendu ont changé ; les tests précédents ne sont plus actuels.	Einstellungen oder Rendering-Kontext geändert; frühere Tests sind nicht mehr aktuell.	As configurações ou o contexto de renderização mudaram; os testes anteriores não são mais atuais.
Unknown Neural Rendering route.	Ruta de Neural Rendering desconocida.	Chemin Neural Rendering inconnu.	Unbekannter Neural-Rendering-Pfad.	Rota de Neural Rendering desconhecida.
Capture failed while preparing files. No complete batch was published.	La captura falló al preparar los archivos. No se publicó un lote completo.	La capture a échoué lors de la préparation des fichiers. Aucun lot complet n'a été publié.	Aufnahme beim Vorbereiten der Dateien fehlgeschlagen. Kein vollständiger Satz wurde veröffentlicht.	A captura falhou ao preparar os arquivos. Nenhum lote completo foi publicado.
Save full-resolution PNG comparisons in NeuroticScreenshots beside the game. Capture details are embedded inside each image.	Guarda comparaciones PNG a resolución completa en NeuroticScreenshots junto al juego. Los detalles de captura se incluyen en cada imagen.	Enregistre les comparaisons PNG en pleine résolution dans NeuroticScreenshots à côté du jeu. Les détails de capture sont intégrés à chaque image.	Speichert PNG-Vergleiche in voller Auflösung im Ordner NeuroticScreenshots beim Spiel. Aufnahmedetails sind in jedem Bild eingebettet.	Salva comparações PNG em resolução completa em NeuroticScreenshots junto ao jogo. Os detalhes da captura são incorporados a cada imagem.
Quality prefers tested Present Enhanced and allows up to a 10% target shortfall. Balanced requires the native target. Performance chooses the fastest tested route. Only the selected resolution is tested.	Calidad prefiere Present Enhanced probado y permite hasta un 10% por debajo del objetivo. Equilibrado exige el objetivo nativo. Rendimiento elige la ruta probada más rápida. Solo se prueba la resolución seleccionada.	Qualité privilégie Present Enhanced testé et tolère jusqu'à 10% sous la cible. Équilibré exige la cible native. Performances choisit le chemin testé le plus rapide. Seule la résolution choisie est testée.	Qualität bevorzugt getestetes Present Enhanced und erlaubt bis zu 10% unter dem Ziel. Ausgewogen erfordert das native Ziel. Leistung wählt den schnellsten getesteten Pfad. Nur die gewählte Auflösung wird getestet.	Qualidade prefere Present Enhanced testado e permite até 10% abaixo da meta. Equilibrado exige a meta nativa. Desempenho escolhe a rota testada mais rápida. Apenas a resolução escolhida é testada.
